Local_Target_Market_Name_CO;Application_Field_Name;SubApplication_Field_Name;Product_Hierarchy;Agua
Building Finishing;Interior walls;Interior crack and j;021840303000000026;No
Building Finishing;Interior walls;Interior crack and j;021840303000000015;No
Building Finishing;Interior walls;Interior crack and j;021840301000000003;No
Building Finishing;Interior walls;Interior crack and j;021840301000000004;No
Building Finishing;Interior walls;Interior wall levell;021840102000000009;No
Building Finishing;Interior walls;Interior wall levell;021840102000000019;No
Building Finishing;Interior walls;Interior wall levell;021840102000000012;No
Building Finishing;Interior walls;Interior wall levell;021840102000000014;No
Building Finishing;Interior walls;Interior wall levell;021840102000000021;No
Building Finishing;Interior walls;Interior wall levell;021840102000000027;No
Building Finishing;Interior walls;Interior wall levell;021840102000000057;No
Building Finishing;Mineral levelling an;Mineral base coats;021820101000000053;No
Building Finishing;Mineral levelling an;Mineral skim coats;021820201000000106;No
Building Finishing;Organic finishes (ae;Decorative paints/pl;021815200000000029;No
Building Finishing;Organic finishes (ae;Decorative paints/pl;021815200000000024;No
Building Finishing;Organic finishes (ae;Decorative paints/pl;021815200000000025;No
Building Finishing;Organic finishes (ae;Decorative paints/pl;021815200000000027;Si
Building Finishing;Organic finishes (ae;Decorative paints/pl;021815200000000026;Si
Building Finishing;Organic finishes (ae;Decorative paints/pl;021815200000000099;Si
Building Finishing;Organic levelling mo;Organic skim coats;021825201000000007;No
Building Finishing;Organic levelling mo;Organic skim coats;021825201000000015;Si
Building Finishing;Protect, clean, prim;Facade cleaning;021890150000000006;Si
Building Finishing;Protect, clean, prim;Facade cleaning;021890150000000003;Si
Building Finishing;Protect, clean, prim;Facade protection se;021890100000000058;No
Building Finishing;Protect, clean, prim;Facade protection se;021890100000000037;Si
Building Finishing;Protect, clean, prim;Facade protection se;021890100000000030;Si
Building Finishing;Protect, clean, prim;Facade protection se;021890100000000050;Si
Building Finishing;Protect, clean, prim;Facade protection se;021890100000000031;Si
Building Finishing;Protect, clean, prim;Facade protection se;021890100000000051;Si
Building Finishing;Protect, clean, prim;Facade protection se;021890100000000012;Si
Building Finishing;Protect, clean, prim;Weather (air/water);021890300000000009;Si
Building Finishing;Renovation, masonry;Masonry mortars;021850101000000024;No
Building Finishing;Thermal insulation s;Base coats and adhes;021830101000000037;No
Building Finishing;Thermal insulation s;Decorative finishes;021830400100000037;Si
Building Finishing;Thermal insulation s;Decorative finishes;021830400100000038;Si
Building Finishing;Thermal insulation s;Decorative finishes;021830400100000039;Si
Building Finishing;Thermal insulation s;Decorative finishes;021830400100000090;Si
Building Finishing;Thermal insulation s;Decorative finishes;021830400100000089;Si
Building Finishing;Thermal insulation s;Thermal insulation/f;021830901000000001;No
Building Finishing;Thermal insulation s;Thermal insulation/f;021830901000000032;No
Building Finishing;Tile adhesives;Cementitious tile ad;021710101000000019;No
Building Finishing;Tile adhesives;Cementitious tile ad;021710102000000600;No
Building Finishing;Tile adhesives;Cementitious tile ad;021710102000000063;No
Building Finishing;Tile adhesives;Cementitious tile ad;021710102000000127;No
Building Finishing;Tile adhesives;Cementitious tile ad;021710102000000049;No
Building Finishing;Tile adhesives;Cementitious tile ad;021710102000000390;No
Building Finishing;Tile adhesives;Cementitious tile ad;021710102000000622;No
Building Finishing;Tile adhesives;Cementitious tile ad;021710102000000593;No
Building Finishing;Tile adhesives;Cementitious tile ad;021710102000000592;No
Building Finishing;Tile grouts;Cementitious tile gr;021720100000000032;No
Building Finishing;Tile grouts;Cementitious tile gr;021720100000000033;No
Building Finishing;Tile grouts;Cementitious tile gr;021720100000000013;No
Building Finishing;Tile grouts;Cementitious tile gr;021720100000000096;No
Building Finishing;Tile grouts;Reactive resin tile;021720301000000004;No
Building Finishing;Tile setting complem;Tile setting accesso;021790801000000001;No
Building Finishing;Tile setting complem;Tile setting accesso;021790801000000010;No
Building Finishing;Tile setting complem;Tile setting accesso;021790808000000005;No
Building Finishing;Tile setting complem;Tile setting accesso;021790808000000004;No
Building Finishing;Tile setting complem;Waterproofing under;021790202000000011;No
Concrete;Cement additives;Grinding aids;021407011000000344;No
Concrete;Cement additives;Grinding aids;021407011000000006;No
Concrete;Cement additives;Grinding aids;021407011000000419;No
Concrete;Cement additives;Grinding aids;021407011000000473;No
Concrete;Cement additives;Grinding aids;021407011000000383;No
Concrete;Cement additives;Grinding aids;021407011000000436;No
Concrete;Cement additives;Grinding aids;021407011000000160;No
Concrete;Cement additives;Grinding aids;021407011000000450;No
Concrete;Cement additives;Grinding aids;021407011000000492;No
Concrete;Cement additives;Grinding aids;021407011000000451;No
Concrete;Cement additives;Masonry;021407031000000034;No
Concrete;Cement additives;Quality enhancers;021407021000000653;No
Concrete;Cement additives;Quality enhancers;021407021000000635;No
Concrete;Cement additives;Quality enhancers;021407021000000636;No
Concrete;Cement additives;Quality enhancers;021407021000000692;No
Concrete;Concrete accelerator;Concrete Accelerator;021402021000000120;No
Concrete;Concrete accelerator;Concrete Accelerator;021402021000000095;No
Concrete;Concrete accelerator;Concrete Accelerator;021402021000000027;No
Concrete;Concrete accelerator;Concrete Accelerator;021402021000000120;No
Concrete;Concrete accelerator;Concrete Accelerator;021402021000000072;No
Concrete;Concrete accelerator;Concrete Accelerator;021402021000000038;No
Concrete;Concrete accelerator;Concrete Accelerator;021402021000000061;No
Concrete;Concrete accelerator;Concrete Accelerator;021402021000000205;No
Concrete;Concrete accelerator;N/A (concrete accele;021402000000002040;No
Concrete;Concrete accelerator;N/A (concrete accele;021402000000002004;No
Concrete;Concrete Essentials;Admixtures for distr;021405061000000020;No
Concrete;Concrete Essentials;Colored concrete;021405071000000032;No
Concrete;Concrete Essentials;Curing Compounds;021405031000000083;No
Concrete;Concrete Essentials;Curing Compounds;021405031000000067;No
Concrete;Concrete Essentials;Curing Compounds;021405031000000102;No
Concrete;Concrete Essentials;Curing Compounds;021405031000000156;No
Concrete;Concrete Essentials;Curing Compounds;021405031000000006;No
Concrete;Concrete Essentials;Mining Products;021405112000000001;No
Concrete;Concrete Essentials;Mining Products;021405111000000001;No
Concrete;Concrete Essentials;Mould release Agents;021405021000000031;No
Concrete;Concrete Essentials;Mould release Agents;021405021000000156;No
Concrete;Concrete Essentials;Mould release Agents;021405021000000032;No
Concrete;Concrete Essentials;Mould release Agents;021405021000000033;No
Concrete;Concrete Essentials;Mould release Agents;021405021000000387;No
Concrete;Concrete Essentials;Mould release Agents;021405021000000319;No
Concrete;Concrete Essentials;N/A (concrete essent;021405000000000031;No
Concrete;Concrete Essentials;N/A (concrete essent;021405000000002035;No
Concrete;Concrete Essentials;N/A (concrete essent;021405000000002038;No
Concrete;Concrete Essentials;N/A (concrete essent;021405000000002048;No
Concrete;Concrete Essentials;N/A (concrete essent;021405000000002104;No
Concrete;Concrete Essentials;N/A (concrete essent;021405000000002107;No
Concrete;Concrete Essentials;N/A (concrete essent;021405000000002109;No
Concrete;Concrete retarder;Concrete retarder;021406011000000170;No
Concrete;Concrete retarder;Concrete retarder;021406011000000199;No
Concrete;Concrete retarder;Concrete retarder;021406011000000181;No
Concrete;Concrete retarder;Concrete retarder;021406011000000033;No
Concrete;Concrete retarder;Concrete retarder;021406011000000077;No
Concrete;Concrete retarder;Concrete retarder;021406011000000146;No
Concrete;Concrete retarder;Concrete retarder;021406011000000173;No
Concrete;Concrete retarder;Concrete retarder;021406011000000171;No
Concrete;Concrete retarder;Concrete retarder;021406011000000036;No
Concrete;Concrete retarder;N/A (concrete retard;021406000000000004;No
Concrete;Concrete retarder;N/A (concrete retard;021406000000002009;No
Concrete;Concrete retarder;N/A (concrete retard;021406000000002023;No
Concrete;Concrete retarder;N/A (concrete retard;021406000000002024;No
Concrete;Durability Enhancers;Air Entrainer;021403021000000060;No
Concrete;Durability Enhancers;Air Entrainer;021403021000000062;No
Concrete;Durability Enhancers;Concrete Additives;021403031000000131;No
Concrete;Durability Enhancers;Concrete Additives;021403031000000019;No
Concrete;Durability Enhancers;Corrosion Inhibitors;021403051000000012;No
Concrete;Durability Enhancers;N/A (durability enha;021403000000002021;No
Concrete;Durability Enhancers;N/A (durability enha;021403000000002076;No
Concrete;Durability Enhancers;Shrinking Reducing A;021403041000000007;No
Concrete;Durability Enhancers;Shrinking Reducing A;021403041000000058;No
Concrete;Durability Enhancers;Waterproofer;021403011000000030;No
Concrete;Durability Enhancers;Waterproofer;021403011000000101;No
Concrete;Durability Enhancers;Waterproofer;021403011000000150;No
Concrete;Fibers;Fibers PP;021408021000000124;No
Concrete;Fibers;Fibers PP;021408021010000024;No
Concrete;Fibers;Fibers PP;021408021010000008;No
Concrete;Fibers;Fibers PP;021408021000000106;No
Concrete;Fibers;Fibers PP;021408021000000053;No
Concrete;Fibers;Fibers PP;021408021000000075;No
Concrete;Fibers;Fibers PP;021408021000000088;No
Concrete;Fibers;Fibers PP;021408021010000145;No
Concrete;Fibers;Fibers PP;021408021000000145;No
Concrete;Fibers;Fibers Steel;021408011000000019;No
Concrete;Fibers;N/A (fibers);021408000000002036;No
Concrete;Manufacturing aids f;3-D Printing;021404090100000001;No
Concrete;Manufacturing aids f;Admixtures for Semi;021404061000000023;No
Concrete;Manufacturing aids f;Defoamers;021404081000000033;No
Concrete;Manufacturing aids f;Lightweight concrete;021404031000000003;No
Concrete;Manufacturing aids f;N/A (manufacturing a;021404000000000104;No
Concrete;Manufacturing aids f;N/A (manufacturing a;021404000000002004;No
Concrete;Manufacturing aids f;Pumping Aids;021404011000000001;No
Concrete;Manufacturing aids f;Stabilizers;021404021000000026;No
Concrete;Manufacturing aids f;Stabilizers;021404021000000175;No
Concrete;Manufacturing aids f;Stabilizers;021404021000000188;No
Concrete;Manufacturing aids f;Stabilizers;021404021000000131;No
Concrete;Non PCE based Superp;Melamine, Naphtalene;021302011000000350;No
Concrete;Non PCE based Superp;Melamine, Naphtalene;021302011000000350;No
Concrete;Non PCE based Superp;Melamine, Naphtalene;021302011000000074;No
Concrete;Non PCE based Superp;Melamine, Naphtalene;021302011000000071;No
Concrete;Non PCE based Superp;Melamine, Naphtalene;021302011000004077;No
Concrete;Non PCE based Superp;Melamine, Naphtalene;021302011000004075;No
Concrete;Non PCE based Superp;Melamine, Naphtalene;021302011000004074;No
Concrete;Non PCE based Superp;Melamine, Naphtalene;021302011000001092;No
Concrete;Non PCE based Superp;Melamine, Naphtalene;021302011000000018;No
Concrete;Non PCE based Superp;Melamine, Naphtalene;021302011000000001;No
Concrete;Non PCE based Superp;Melamine, Naphtalene;021302011000000003;No
Concrete;Non PCE based Superp;Melamine, Naphtalene;021302011000000004;No
Concrete;Non PCE based Superp;N/A (Non PCE based s;021302000000000039;No
Concrete;Non PCE based Superp;N/A (Non PCE based s;021302000000002251;No
Concrete;Non PCE based Superp;N/A (Non PCE based s;021302000000002218;No
Concrete;Non PCE based Superp;N/A (Non PCE based s;021302000000002219;No
Concrete;Non PCE based Superp;N/A (Non PCE based s;021302000000002220;No
Concrete;Non PCE based Superp;N/A (Non PCE based s;021302000000002221;No
Concrete;PCE based Super-plas;N/A (PCE based super;021301000000000271;No
Concrete;PCE based Super-plas;N/A (PCE based super;021301000000000417;No
Concrete;PCE based Super-plas;N/A (PCE based super;021301000000002373;No
Concrete;PCE based Super-plas;N/A (PCE based super;021301000000002380;No
Concrete;PCE based Super-plas;N/A (PCE based super;021301000000002683;No
Concrete;PCE based Super-plas;N/A (PCE based super;021301000000002685;No
Concrete;PCE based Super-plas;N/A (PCE based super;021301000000002686;No
Concrete;PCE based Super-plas;N/A (PCE based super;021301000000002365;No
Concrete;PCE based Super-plas;N/A (PCE based super;021301000000002368;No
Concrete;PCE based Super-plas;N/A (PCE based super;021301000000002016;No
Concrete;PCE based Super-plas;N/A (PCE based super;021301000000002019;No
Concrete;PCE based Super-plas;N/A (PCE based super;021301000000002020;No
Concrete;PCE based Super-plas;PCE Based;021301011000003039;No
Concrete;PCE based Super-plas;PCE Based;021301011000003380;No
Concrete;PCE based Super-plas;PCE Based;021301011000003773;No
Concrete;PCE based Super-plas;PCE Based;021301011000001428;No
Concrete;PCE based Super-plas;PCE Based;021301011000001287;No
Concrete;PCE based Super-plas;PCE Based;021301011000005088;No
Concrete;PCE based Super-plas;PCE Based;021301011000005101;No
Concrete;PCE based Super-plas;PCE Based;021301011000003721;No
Concrete;PCE based Super-plas;PCE Based;021301011000002034;No
Concrete;PCE based Super-plas;PCE Based;021301011000004298;No
Concrete;PCE based Super-plas;PCE Based;021301011000004451;No
Concrete;PCE based Super-plas;PCE Based;021301011000001749;No
Concrete;PCE based Super-plas;PCE Based;021301011000000594;No
Concrete;PCE based Super-plas;PCE Based;021301011000001469;No
Concrete;PCE based Super-plas;PCE Based;021301011000001184;No
Concrete;PCE based Super-plas;PCE Based;021301011000001483;No
Concrete;PCE based Super-plas;PCE Based;021301011000001691;No
Concrete;PCE based Super-plas;PCE Based;021301011000001825;No
Concrete;PCE based Super-plas;PCE Based;021301011000001784;No
Concrete;PCE based Super-plas;PCE Based;021301011000001838;No
Concrete;PCE based Super-plas;PCE Based;021301011000001786;No
Concrete;PCE based Super-plas;PCE Based;021301011000000001;No
Concrete;PCE based Super-plas;PCE Based;021301011000001286;No
Concrete;PCE based Super-plas;PCE Based;021301011000003719;No
Concrete;PCE based Super-plas;PCE Based;021301011000004738;No
Concrete;PCE based Super-plas;PCE Based;021301011000000012;No
Concrete;PCE based Super-plas;PCE Based;021301011000000107;No
Concrete;PCE based Super-plas;PCE Based;021301011000000409;No
Concrete;PCE based Super-plas;PCE Based;021301011000000203;No
Concrete;PCE based Super-plas;PCE Based;021301011000003920;No
Concrete;PCE based Super-plas;PCE Based;021301011000003526;No
Concrete;PCE based Super-plas;PCE Based;021301011000004799;No
Concrete;PCE based Super-plas;PCE Based;021301011000001433;No
Concrete;PCE based Super-plas;PCE Based;021301011000002019;No
Concrete;PCE based Super-plas;PCE Based;021301011000003692;No
Concrete;PCE based Super-plas;PCE Based;021301011000003446;No
Concrete;PCE based Super-plas;PCE Based;021301011000003380;No
Concrete;PCE based Super-plas;PCE Based;021301011000004365;No
Concrete;PCE based Super-plas;PCE Based;021301011000001432;No
Concrete;PCE based Super-plas;PCE Based;021301011000003695;No
Concrete;PCE based Super-plas;PCE Based;021301011000002466;No
Concrete;PCE based Super-plas;PCE Based;021301011000003447;No
Concrete;PCE based Super-plas;PCE Based;021301011000001647;No
Concrete;PCE based Super-plas;PCE Based;021301011000002022;No
Concrete;PCE based Super-plas;PCE Based;021301011000001600;No
Concrete;PCE based Super-plas;PCE Based;021301011000001796;No
Concrete;PCE based Super-plas;PCE Based;021301011000004876;No
Concrete;PCE based Super-plas;PCE Based;021301011000003694;No
Concrete;PCE based Super-plas;PCE Based;021301011000004739;No
Concrete;PCE based Super-plas;PCE Based;021301011000002935;No
Concrete;PCE based Super-plas;PCE Based;021301011000003926;No
Concrete;PCE based Super-plas;PCE Based;021301011000004419;No
Concrete;PCE based Super-plas;PCE Based;021301011000004737;No
Concrete;PCE based Super-plas;PCE Based;021301011000000819;No
Concrete;PCE based Super-plas;PCE Based;021301011000003157;No
Concrete;PCE based Super-plas;PCE Based;021301011000004931;No
Concrete;PCE based Super-plas;PCE Based;021301011000001157;No
Concrete;PCE based Super-plas;PCE Based;021301011000005004;No
Concrete;PCE based Super-plas;PCE Based;021301011000005003;No
Concrete;PCE based Super-plas;PCE Based;021301011000005002;No
Concrete;PCE based Super-plas;PCE Based;021301011000005652;No
Concrete;PCE based Super-plas;PCE Based;021301011000004600;No
Concrete;PCE based Super-plas;PCE Based;021301011000003629;No
Concrete;PCE based Super-plas;PCE Based;021301011000003048;No
Concrete;PCE based Super-plas;PCE Based;021301011000004416;No
Concrete;PCE based Super-plas;PCE Based;021301011000001827;No
Concrete;PCE based Super-plas;PCE Based;021301011000003809;No
Concrete;PCE based Super-plas;PCE Based;021301011000004420;No
Concrete;PCE based Super-plas;PCE Based;021301011000001287;No
Concrete;PCE based Super-plas;PCE Based;021301011000004183;No
Concrete;PCE based Super-plas;PCE Based;021301011000004364;No
Concrete;PCE based Super-plas;PCE Based;021301011000004430;No
Concrete;PCE based Super-plas;PCE Based;021301011000005654;No
Concrete;Powdered Water Reduc;Admixtures in Powder;021304011000000071;No
Concrete;Powdered Water Reduc;Admixtures in Powder;021304011000000100;No
Concrete;Powdered Water Reduc;Admixtures in Powder;021304011000000005;No
Concrete;Powdered Water Reduc;Admixtures in Powder;021304011000000045;No
Concrete;Powdered Water Reduc;Admixtures in Powder;021304011000000040;No
Concrete;Powdered Water Reduc;Admixtures in Powder;021304011000000099;No
Concrete;Shotcrete Production;Accelerators;021401011000000201;No
Concrete;Shotcrete Production;Accelerators;021401011000000178;No
Concrete;Shotcrete Production;Accelerators;021401011000000179;No
Concrete;Shotcrete Production;Accelerators;021401011000000233;No
Concrete;Shotcrete Production;Accelerators;021401011000000285;No
Concrete;Shotcrete Production;Accelerators;021401011000000261;No
Concrete;Shotcrete Production;Accelerators;021401011000000263;No
Concrete;Water Reducers / Pla;Lignins,Gluconates,C;021303011000000297;No
Concrete;Water Reducers / Pla;Lignins,Gluconates,C;021303011000000123;No
Concrete;Water Reducers / Pla;Lignins,Gluconates,C;021303011000000232;No
Concrete;Water Reducers / Pla;Lignins,Gluconates,C;021303011000000297;No
Concrete;Water Reducers / Pla;Lignins,Gluconates,C;021303011000000296;No
Concrete;Water Reducers / Pla;Lignins,Gluconates,C;021303011000000295;No
Concrete;Water Reducers / Pla;Lignins,Gluconates,C;021303011000000129;No
Concrete;Water Reducers / Pla;Lignins,Gluconates,C;021303011000000620;No
Concrete;Water Reducers / Pla;Lignins,Gluconates,C;021303011000000126;No
Concrete;Water Reducers / Pla;Lignins,Gluconates,C;021303011000000118;No
Concrete;Water Reducers / Pla;Lignins,Gluconates,C;021303011000000123;No
Concrete;Water Reducers / Pla;Lignins,Gluconates,C;021303011000000127;No
Concrete;Water Reducers / Pla;Lignins,Gluconates,C;021303011000000045;No
Concrete;Water Reducers / Pla;Lignins,Gluconates,C;021303011000000849;No
Concrete;Water Reducers / Pla;Lignins,Gluconates,C;021303011000000850;No
Concrete;Water Reducers / Pla;Lignins,Gluconates,C;021303011000000848;No
Concrete;Water Reducers / Pla;Lignins,Gluconates,C;021303011000000947;No
Concrete;Water Reducers / Pla;Lignins,Gluconates,C;021303011000000002;No
Construction Others;no assignment;no assignment;999999999999999999;No
Eng. Refurbishment;Building Finishing;Facade Mortars and Protection;010405030010000041;0
Eng. Refurbishment;Cementitious Grouts;1-C Grouts;020201010010000058;No
Eng. Refurbishment;Cementitious Grouts;1-C Grouts;020201010040000001;No
Eng. Refurbishment;Cementitious Grouts;1-C Grouts;020201010010000055;No
Eng. Refurbishment;Cementitious Grouts;1-C Grouts;020201010010000002;No
Eng. Refurbishment;Cementitious Grouts;1-C Grouts;020201010010000402;No
Eng. Refurbishment;Cementitious Grouts;N/A (cementitious gr;020201000000002084;No
Eng. Refurbishment;Cementitious Grouts;N/A (cementitious gr;020201000000002081;No
Eng. Refurbishment;Chemical Anchoring;Accessories Anchorin;020205020000000008;No
Eng. Refurbishment;Chemical Anchoring;Accessories Anchorin;020205020000000006;No
Eng. Refurbishment;Chemical Anchoring;Accessories Anchorin;020205020000000007;No
Eng. Refurbishment;Chemical Anchoring;Accessories Anchorin;020205020000000004;No
Eng. Refurbishment;Chemical Anchoring;Accessories Anchorin;020205020000000010;No
Eng. Refurbishment;Chemical Anchoring;Accessories Anchorin;020205020000000005;No
Eng. Refurbishment;Chemical Anchoring;Accessories Anchorin;020205020000000003;No
Eng. Refurbishment;Chemical Anchoring;Anchoring Adhesive;020205010020000001;No
Eng. Refurbishment;Chemical Anchoring;Anchoring Adhesive;020205010030000004;No
Eng. Refurbishment;Chemical Anchoring;Anchoring Adhesive;020205010030000007;No
Eng. Refurbishment;Chemical Anchoring;Anchoring Adhesive;020205010010000003;No
Eng. Refurbishment;Chemical Anchoring;Anchoring Adhesive;020205010030000001;No
Eng. Refurbishment;Chemical Anchoring;Anchoring Adhesive;020205010020000014;No
Eng. Refurbishment;Chemical Anchoring;Anchoring Adhesive;020205010020000003;No
Eng. Refurbishment;Concrete Protection;1-part protective co;020303110010000021;Si
Eng. Refurbishment;Concrete Protection;Corrosion Inhibitors;020303040010000001;No
Eng. Refurbishment;Concrete Protection;Impregnations;020303010020000011;Si
Eng. Refurbishment;Concrete Protection;N/A (concrete protec;020303000000002026;No
Eng. Refurbishment;Concrete Protection;N/A (concrete protec;020303000000002096;No
Eng. Refurbishment;Concrete Protection;N/A (concrete protec;020303000000002055;No
Eng. Refurbishment;Concrete Protection;Protective Coatings,;020303020030000006;No
Eng. Refurbishment;Concrete Protection;Protective Coatings,;020303030020000007;Si
Eng. Refurbishment;Concrete Protection;Reactive coatings;020303120020000033;No
Eng. Refurbishment;Concrete Protection;Reactive coatings;020303120020000082;No
Eng. Refurbishment;Concrete Protection;Reactive coatings;020303120020000003;No
Eng. Refurbishment;Concrete Repair Mort;Bonding bridge/corro;020302020010000014;No
Eng. Refurbishment;Concrete Repair Mort;Bonding bridge/corro;020302020020000001;No
Eng. Refurbishment;Concrete Repair Mort;Bonding bridge/corro;020302020050000001;No
Eng. Refurbishment;Concrete Repair Mort;Fire protection mort;020302100110000006;No
Eng. Refurbishment;Concrete Repair Mort;N/A (concrete repair;020302000000002026;No
Eng. Refurbishment;Concrete Repair Mort;N/A (concrete repair;020302000000002103;No
Eng. Refurbishment;Concrete Repair Mort;N/A (concrete repair;020302000000002182;No
Eng. Refurbishment;Concrete Repair Mort;N/A (concrete repair;020302000000002112;No
Eng. Refurbishment;Concrete Repair Mort;N/A (concrete repair;020302000000002163;No
Eng. Refurbishment;Concrete Repair Mort;Reprofiling Mortars;020302040030000135;No
Eng. Refurbishment;Concrete Repair Mort;Reprofiling Mortars;020302040040000012;No
Eng. Refurbishment;Concrete Repair Mort;Reprofiling Mortars;020302040070000016;No
Eng. Refurbishment;Concrete Repair Mort;Reprofiling Mortars;020302040070000013;No
Eng. Refurbishment;Concrete Repair Mort;Reprofiling Mortars;020302040070000018;No
Eng. Refurbishment;Concrete Repair Mort;Reprofiling Mortars;020302040030000252;No
Eng. Refurbishment;Concrete Repair Mort;Thin layer mortars;020302050070000001;No
Eng. Refurbishment;Mortar admixtures;Mortar Admixtures, I;020301010010000253;No
Eng. Refurbishment;Mortar admixtures;Mortar Admixtures, I;020301010010000146;No
Eng. Refurbishment;Mortar admixtures;Mortar Admixtures, I;020301010010000001;No
Eng. Refurbishment;Resin Grouts;2-C/3-C Grouts;020202010020000001;No
Eng. Refurbishment;Resin Grouts;2-C/3-C Grouts;020202010010000064;No
Eng. Refurbishment;Resin Grouts;2-C/3-C Grouts;020202010010000066;No
Eng. Refurbishment;Resin Grouts;2-C/3-C Grouts;020202010010000077;No
Eng. Refurbishment;Resin Grouts;2-C/3-C Grouts;020202010010000047;No
Eng. Refurbishment;Resin Grouts;N/A (resin grouts);020202000000002022;No
Eng. Refurbishment;Rigid Bonding;N/A (rigid bonding);020204000000002001;No
Eng. Refurbishment;Rigid Bonding;N/A (rigid bonding);020204000000002032;No
Eng. Refurbishment;Rigid Bonding;N/A (rigid bonding);020204000000002033;No
Eng. Refurbishment;Rigid Bonding;N/A (rigid bonding);020204000040002001;No
Eng. Refurbishment;Rigid Bonding;Rigid Adhesives;020204030010000053;No
Eng. Refurbishment;Rigid Bonding;Rigid Adhesives;020204030010000015;No
Eng. Refurbishment;Rigid Bonding;Rigid Adhesives;020204030010000016;No
Eng. Refurbishment;Rigid Bonding;Rigid Adhesives;020204030010000001;No
Eng. Refurbishment;Rigid Bonding;Rigid Adhesives;020204030010000162;No
Eng. Refurbishment;Rigid Bonding;Rigid Adhesives;020204030010000136;No
Eng. Refurbishment;Rigid Bonding;Rigid Adhesives;020204030010000122;No
Eng. Refurbishment;Rigid Bonding;Rigid Adhesives;020204030010000019;No
Eng. Refurbishment;Rigid Bonding;Rigid Adhesives;020204030010000021;No
Eng. Refurbishment;Rigid Bonding;Rigid Adhesives;020204030010000023;No
Eng. Refurbishment;Rigid Bonding;Rigid Adhesives;020204030010000189;No
Eng. Refurbishment;Rigid Bonding;Rigid Adhesives;020204030010000243;No
Eng. Refurbishment;Structural Strengthe;Adhesives for struct;020206040010000001;No
Eng. Refurbishment;Structural Strengthe;Adhesives for struct;020206040010000009;No
Eng. Refurbishment;Structural Strengthe;Sika Carbodur Plates;020206010010000040;No
Eng. Refurbishment;Structural Strengthe;SikaWrap Fabrics;020206020040000008;No
Eng. Refurbishment;Structural Strengthe;SikaWrap Fabrics;020206020010000011;No
Eng. Refurbishment;Structural Strengthe;SikaWrap Fabrics;020206020010000065;No
Eng. Refurbishment;Structural Strengthe;SikaWrap Fabrics;020206020010000003;No
Flooring;Accessories;Broadcast aggregates;020816010010000020;No
Flooring;Accessories;Broadcast aggregates;020816010010000013;No
Flooring;Accessories;Broadcast aggregates;020816010010000014;No
Flooring;Accessories;Broadcast aggregates;020816010010000016;No
Flooring;Accessories;Broadcast aggregates;020816010010000018;No
Flooring;Accessories;Broadcast aggregates;020816010040000009;No
Flooring;Accessories;Cleaners and Diluent;020816210020000015;No
Flooring;Accessories;Cleaners and Diluent;020816210020000014;No
Flooring;Accessories;Color paste;020816030010000001;No
Flooring;Accessories;Detailing and Joints;020816140010000004;No
Flooring;Accessories;Detailing and Joints;020816140040000002;No
Flooring;Accessories;Mixing aggregates;020816020040000002;No
Flooring;Accessories;N/A (accessories);020816000000002032;No
Flooring;Accessories;N/A (accessories);020816000000002036;No
Flooring;Accessories;Reinforcement;020816110010000002;Si
Flooring;Accessories;Tools;020816200010000002;No
Flooring;Acrylate Flooring;Acrylic;020813020010000007;Si
Flooring;Acrylate Flooring;Acrylic;020813020010000008;Si
Flooring;Acrylate Flooring;Acrylic;020813020020000029;No
Flooring;Cementitious floorin;Curing compound & se;020815110010000021;Si
Flooring;Cementitious floorin;Industrial floor scr;020815020010000143;No
Flooring;Cementitious floorin;Industrial floor scr;020815020010000041;No
Flooring;Cementitious floorin;Industrial floor scr;020815020010000176;No
Flooring;Cementitious floorin;N/A (cementitious fl;020815000000002029;No
Flooring;Cementitious floorin;N/A (cementitious fl;020815000000002034;No
Flooring;Cementitious floorin;N/A (cementitious fl;020815000000002036;No
Flooring;Cementitious floorin;Residential levellin;020815030010000335;No
Flooring;Cementitious floorin;Surface hardener;020815010110000001;No
Flooring;Cementitious floorin;Surface hardener;020815010010000001;No
Flooring;Cementitious floorin;Surface hardener;020815010030000010;No
Flooring;Cementitious floorin;Surface hardener;020815010110000042;No
Flooring;Cementitious floorin;Surface hardener;020815010030000012;Si
Flooring;Concrete Protection;Reactive coatings;020303120020000072;No
Flooring;Concrete Protection;Reactive coatings;020303120020000027;Si
Flooring;Concrete Protection;Reactive coatings;020303120020000061;Si
Flooring;Concrete Repair Mort;Thin layer mortars;020302050070000001;No
Flooring;Corrosion Protection;Corrosion Protection;020602000040000025;No
Flooring;Corrosion Protection;Corrosion Protection;020601000020000014;No
Flooring;Corrosion Protection;Corrosion Protection;020602000180000002;No
Flooring;Corrosion Protection;Corrosion Protection;020602000040000028;No
Flooring;Corrosion Protection;Corrosion Protection;020602000010000003;No
Flooring;Corrosion Protection;Corrosion Protection;020602000040000066;No
Flooring;Corrosion Protection;Corrosion Protection;020601000190000004;No
Flooring;Corrosion Protection;Corrosion Protection;020601000270000001;No
Flooring;Corrosion Protection;Corrosion Protection;020602000270000025;No
Flooring;Corrosion Protection;Corrosion Protection;020602000200000001;No
Flooring;Corrosion Protection;Corrosion Protection;020602000040000065;No
Flooring;Corrosion Protection;Corrosion Protection;020602000010000005;No
Flooring;Corrosion Protection;Corrosion Protection;020602000040000098;No
Flooring;Corrosion Protection;Corrosion Protection;020602000040000102;No
Flooring;Corrosion Protection;Corrosion Protection;020602000010000008;No
Flooring;Epoxy Flooring;N/A (epoxy flooring);020811000000002039;No
Flooring;Epoxy Flooring;N/A (epoxy flooring);020811000000002106;Si
Flooring;Epoxy Flooring;Solvent containing e;020811030020000002;No
Flooring;Epoxy Flooring;Solvent containing e;020811030010000020;No
Flooring;Epoxy Flooring;Solvent free epoxy;020811020010000007;No
Flooring;Epoxy Flooring;Solvent free epoxy;020811020010000049;No
Flooring;Epoxy Flooring;Solvent free epoxy;020811020010000036;No
Flooring;Epoxy Flooring;Solvent free epoxy;020811020020000009;No
Flooring;Epoxy Flooring;Solvent free epoxy;020811020020000001;No
Flooring;Epoxy Flooring;Solvent free epoxy;020811020020000055;No
Flooring;Epoxy Flooring;Solvent free epoxy;020811020030000024;No
Flooring;Epoxy Flooring;Water based epoxy;020811010010000035;No
Flooring;Epoxy Flooring;Water based epoxy;020811010010000005;Si
Flooring;Epoxy Flooring;Water based epoxy;020811010010000006;No
Flooring;Industrial Flooring;Accessories;010816010040000009;No
Flooring;Polyurethane Floorin;1-Component solvent;020812010040000008;No
Flooring;Polyurethane Floorin;2-component solvent;020812050030000004;No
Flooring;Polyurethane Floorin;2-component solvent;020812040030000002;No
Flooring;Polyurethane Floorin;2-component solvent;020812040030000038;No
Flooring;Polyurethane Floorin;2-component solvent;020812040030000018;No
Flooring;Protect, clean, prim;Facade protection se;021890100000000184;Si
Flooring;Resin / cementitious;EpoCem;020814010020000001;No
Flooring;Resin / cementitious;EpoCem;020814010020000002;No
Flooring;Resin / cementitious;EpoCem;020814010010000001;No
Flooring;Resin / cementitious;HyCem PU;020814030020000003;No
Flooring;Resin / cementitious;HyCem PU;020814030020000004;No
Flooring;Resin / cementitious;HyCem PU;020814030030000001;No
Flooring;Resin / cementitious;N/A (resin / cementi;020814000000002032;No
Flooring;Resin / cementitious;N/A (resin / cementi;020814000000002003;No
Flooring;Resin / cementitious;N/A (resin / cementi;020814000000002004;No
Flooring;Resin / cementitious;N/A (resin / cementi;020814000000002014;No
Flooring;Resin / cementitious;N/A (resin / cementi;020814000000002028;No
Flooring;Resin / cementitious;N/A (resin / cementi;020814000000002013;No
Flooring;Resin / cementitious;N/A (resin / cementi;020814000000002034;No
Flooring;Resin / cementitious;N/A (resin / cementi;020814000000000014;No
Flooring;Resin / cementitious;N/A (resin / cementi;020814000000000007;No
Flooring;Resin / cementitious;N/A (resin / cementi;020814000000000057;No
Flooring;Resin / cementitious;N/A (resin / cementi;020814000000000022;No
Flooring;Resin / cementitious;PurCem;020814020020000006;No
Flooring;Resin / cementitious;PurCem;020814020020000003;No
Flooring;Resin / cementitious;PurCem;020814020020000004;No
Flooring;Resin / cementitious;PurCem;020814020020000005;No
Flooring;Resin / cementitious;PurCem;020814020020000023;No
Flooring;Resin / cementitious;PurCem;020814020030000004;No
Flooring;Resin Grouts;2-C/3-C Grouts;020202010020000001;No
Flooring;Rigid Bonding;Flexible / Tough Str;020204100010000003;No
Flooring;Rigid Protective Coa;Heavy Duty Protectiv;020606010130000001;No
Flooring;Rigid Protective Coa;Heavy Duty Protectiv;020606010120000001;No
Flooring;Rigid Protective Coa;Heavy Duty Protectiv;020606010010000001;Si
Flooring;Rigid Protective Coa;Heavy Duty Protectiv;020606010030000001;Si
Flooring;Steel protection;1-part corrosion pro;020611010000000002;No
Flooring;Steel protection;1-part corrosion pro;020611010000000014;No
Flooring;Steel protection;1-part corrosion pro;020611010000000003;No
Flooring;Steel protection;1-part corrosion pro;020611010000000086;No
Flooring;Steel protection;1-part corrosion pro;020611010000000099;No
Flooring;Steel protection;1-part corrosion pro;020611010000000100;No
Flooring;Steel protection;2-part corrosion pro;020611020000000034;No
Flooring;Steel protection;2-part corrosion pro;020611020000000035;No
Flooring;Steel protection;2-part corrosion pro;020611020000000044;No
Flooring;Steel protection;2-part corrosion pro;020611020000000036;No
Flooring;Steel protection;2-part corrosion pro;020611020000000037;No
Flooring;Steel protection;2-part corrosion pro;020611020000000003;No
Flooring;Steel protection;2-part corrosion pro;020611020000000063;No
Flooring;Steel protection;2-part corrosion pro;2.06E+16;No
Flooring;Steel protection;2-part corrosion pro;020611020000000033;No
Flooring;Steel protection;2-part corrosion pro;020611020000000013;No
Flooring;Steel protection;2-part corrosion pro;020611020000000180;No
Flooring;Steel protection;2-part corrosion pro;020611020000000038;No
Flooring;Steel protection;2-part corrosion pro;020611020000000039;No
Flooring;Steel protection;2-part corrosion pro;020611020000000055;No
Flooring;Steel protection;2-part corrosion pro;020611020000000056;No
Flooring;Steel protection;2-part corrosion pro;020611020000000062;No
Flooring;Steel protection;2-part corrosion pro;020611020000000040;No
Flooring;Steel protection;2-part corrosion pro;020611020000000005;No
Flooring;Steel protection;2-part corrosion pro;020611020000000092;No
Flooring;Steel protection;2-part corrosion pro;020611020000000095;0
Flooring;Steel protection;2-part corrosion pro;020611020000000008;No
Flooring;Steel protection;Fire protection coat;020611030000000050;No
Industrial Coating;Accessories;Accelerators Catalys;020816220010000004;No
Industrial Coating;Accessories;Broadcast aggregates;020816010010000107;No
Industrial Coating;Accessories;Cleaners and Diluent;020816210020000015;No
Industrial Coating;Accessories;Cleaners and Diluent;020816210020000014;No
Industrial Coating;Acrylate Flooring;Acrylic;020813020010000041;No
Industrial Coating;Concrete Protection;Reactive coatings;020303120020000033;No
Industrial Coating;Concrete Protection;Reactive coatings;020303120020000032;No
Industrial Coating;Concrete Protection;Reactive coatings;020303120020000082;No
Industrial Coating;Corrosion Protection;Corrosion Protection;020601000020000008;No
Industrial Coating;Corrosion Protection;Corrosion Protection;020602000040000025;No
Industrial Coating;Corrosion Protection;Corrosion Protection;020601000020000018;No
Industrial Coating;Corrosion Protection;Corrosion Protection;020601000020000018;No
Industrial Coating;Corrosion Protection;Corrosion Protection;020601000020000014;No
Industrial Coating;Corrosion Protection;Corrosion Protection;020601000250000001;No
Industrial Coating;Corrosion Protection;Corrosion Protection;020601000170000013;No
Industrial Coating;Corrosion Protection;Corrosion Protection;020602000040000027;No
Industrial Coating;Corrosion Protection;Corrosion Protection;020601000010000009;No
Industrial Coating;Corrosion Protection;Corrosion Protection;020601000010000009;No
Industrial Coating;Corrosion Protection;Corrosion Protection;020602000040000028;No
Industrial Coating;Corrosion Protection;Corrosion Protection;020602000010000003;No
Industrial Coating;Corrosion Protection;Corrosion Protection;020602000040000066;No
Industrial Coating;Corrosion Protection;Corrosion Protection;020601000010000010;No
Industrial Coating;Corrosion Protection;Corrosion Protection;020601000010000010;No
Industrial Coating;Corrosion Protection;Corrosion Protection;020602000020000009;No
Industrial Coating;Corrosion Protection;Corrosion Protection;020602000040000023;No
Industrial Coating;Corrosion Protection;Corrosion Protection;020601000010000005;No
Industrial Coating;Corrosion Protection;Corrosion Protection;020602000040000045;No
Industrial Coating;Corrosion Protection;Corrosion Protection;020601000270000001;No
Industrial Coating;Corrosion Protection;Corrosion Protection;020601000270000001;No
Industrial Coating;Corrosion Protection;Corrosion Protection;020602000040000029;No
Industrial Coating;Corrosion Protection;Corrosion Protection;020602000040000030;No
Industrial Coating;Corrosion Protection;Corrosion Protection;020601000020000015;No
Industrial Coating;Corrosion Protection;Corrosion Protection;020602000270000025;No
Industrial Coating;Corrosion Protection;Corrosion Protection;020602000040000055;No
Industrial Coating;Corrosion Protection;Corrosion Protection;020602000040000057;No
Industrial Coating;Corrosion Protection;Corrosion Protection;020602000040000056;No
Industrial Coating;Corrosion Protection;Corrosion Protection;020602000040000065;No
Industrial Coating;Corrosion Protection;Corrosion Protection;020602000120000003;No
Industrial Coating;Corrosion Protection;Corrosion Protection;020602000010000005;No
Industrial Coating;Corrosion Protection;Corrosion Protection;020602000040000098;No
Industrial Coating;Corrosion Protection;Corrosion Protection;020601000250000003;No
Industrial Coating;Fire Protection;Fire Protection;020604000030000077;No
Industrial Coating;Industrial Coating;Corrosion Protection 2-Componen;010602000010000003;No
Industrial Coating;Rigid Protective Coa;Heavy Duty Protectiv;020606010010000015;No
Industrial Coating;Rigid Protective Coa;Heavy Duty Protectiv;020606010010000014;No
Industrial Coating;Steel protection;1-part corrosion pro;020611010000000002;No
Industrial Coating;Steel protection;1-part corrosion pro;020611010000000014;No
Industrial Coating;Steel protection;1-part corrosion pro;020611010000000094;No
Industrial Coating;Steel protection;1-part corrosion pro;020611010000000003;No
Industrial Coating;Steel protection;1-part corrosion pro;020611010000000004;No
Industrial Coating;Steel protection;1-part corrosion pro;020611010000000086;No
Industrial Coating;Steel protection;1-part corrosion pro;020611010000000099;No
Industrial Coating;Steel protection;1-part corrosion pro;020611010000000098;No
Industrial Coating;Steel protection;1-part corrosion pro;020611010000000095;No
Industrial Coating;Steel protection;2-part corrosion pro;020611020000000034;No
Industrial Coating;Steel protection;2-part corrosion pro;020611020000000035;No
Industrial Coating;Steel protection;2-part corrosion pro;020611020000000181;No
Industrial Coating;Steel protection;2-part corrosion pro;020611020000000044;No
Industrial Coating;Steel protection;2-part corrosion pro;020611020000000036;No
Industrial Coating;Steel protection;2-part corrosion pro;020611020000000037;No
Industrial Coating;Steel protection;2-part corrosion pro;020611020000000003;No
Industrial Coating;Steel protection;2-part corrosion pro;020611020000000063;No
Industrial Coating;Steel protection;2-part corrosion pro;020611020000000033;No
Industrial Coating;Steel protection;2-part corrosion pro;020611020000000013;No
Industrial Coating;Steel protection;2-part corrosion pro;020611020000000032;No
Industrial Coating;Steel protection;2-part corrosion pro;020611020000000047;No
Industrial Coating;Steel protection;2-part corrosion pro;020611020000000048;No
Industrial Coating;Steel protection;2-part corrosion pro;020611020000000049;No
Industrial Coating;Steel protection;2-part corrosion pro;020611020000000180;No
Industrial Coating;Steel protection;2-part corrosion pro;020611020000000038;No
Industrial Coating;Steel protection;2-part corrosion pro;020611020000000039;No
Industrial Coating;Steel protection;2-part corrosion pro;020611020000000236;No
Industrial Coating;Steel protection;2-part corrosion pro;020611020000000055;No
Industrial Coating;Steel protection;2-part corrosion pro;020611020000000057;No
Industrial Coating;Steel protection;2-part corrosion pro;020611020000000056;No
Industrial Coating;Steel protection;2-part corrosion pro;020611020000000062;No
Industrial Coating;Steel protection;2-part corrosion pro;020611020000000040;No
Industrial Coating;Steel protection;2-part corrosion pro;020611020000000005;No
Industrial Coating;Steel protection;2-part corrosion pro;020611020000000092;No
Industrial Coating;Steel protection;2-part corrosion pro;020611020000000095;No
Industrial Coating;Steel protection;2-part corrosion pro;020611020000000008;No
Industrial Coating;Steel protection;Additional system co;020611040010000007;No
Industrial Coating;Steel protection;Fire protection coat;020611030000000050;No
Industry;1-C Hybrid;Sikaflex;022201205150001000;No
Industry;2-C PU Marine Floors;Decorative floor;012119015044001000;No
Industry;2-C PU Marine Floors;Decorative floor;012119015304001000;No
Industry;2-C PU Marine Floors;Decorative floor;012119015794001000;No
Industry;Auxiliary and Tools;Auxiliary and Tools;019400000010002000;No
Industry;Auxiliary and Tools;Auxiliary and Tools;019400000010005000;No
Industry;Auxiliary and Tools;Auxiliary and Tools;019400000010001000;No
Industry;Auxiliary and Tools;Auxiliary and Tools;019400000110005000;No
Industry;Auxiliary and Tools;Auxiliary and Tools;019400000050005000;No
Industry;Auxiliary and Tools;Auxiliary and Tools;019400000110002000;No
Industry;Auxiliary and Tools;Auxiliary and Tools;019400000010004000;No
Industry;Auxiliary and Tools;Auxiliary and Tools;019400000099001000;No
Industry;Auxiliary and Tools;Auxiliary and Tools;019400000110001000;No
Industry;Cementitious products;Sika Marine Floors cement base;029319000214001000;No
Industry;General Purpose Sika;Advertisement;019900020010001000;No
Industry;no assignment;no assignment;999999999999999999;No
Industry;Sika;General;019200000000001000;No
Industry;Sika Marine Floors c;Sika Marine Floors c;019319000244001000;No
Industry;Sika Marine Floors c;Sika Marine Floors c;019319001304001000;No
Industry;Sika Primer;Sika Primer-xxx;014761012060001000;No
Industry;Sika Primer;Sika Primer-xxx;014761012150001000;No
Industry;Sika Primer;SikaTack Panel Prime;014761020019001000;No
Industry;Sika Tack Panel;Adhesive;012636210019001000;No
Industry;SikaAktivator;Sika Aktivator-xxx;014560011000001000;No
Industry;SikaAktivator;Sika Aktivator-xxx;014560012050001000;No
Industry;SikaBond;SikaBond;012026000029001000;No
Industry;SikaFast;Cyanoacrylate;013205022013001000;No
Industry;SikaFast MMA;31xx Flexibalized;012805020020001010;No
Industry;Sikaflex;Adhesive;012001210223001000;?
Industry;Sikaflex;Adhesive;012001212520001000;?
Industry;Sikaflex;Adhesive;012001212563001000;?
Industry;Sikaflex;Adhesive;012001212580001100;?
Industry;Sikaflex;Adhesive;012001212630001000;?
Industry;Sikaflex;Adhesive;012201215450001000;?
Industry;Sikaflex;Adhesive;012201215520001100;?
Industry;Sikaflex;Adhesive;012201215523001000;?
Industry;Sikaflex;Sealant;012001200013001000;No
Industry;Sikaflex;Sealant;012001202120001000;?
Industry;Sikaflex;Sealant;012001202210001000;?
Industry;Sikaflex;Sealant;012001202904001000;?
Industry;Sikaflex;Sealant;012201205010001000;?
Industry;Sikaflex;Sealant;012201205150001000;?
Industry;Sikaflex;Windshield Adhesive;012001260013001000;?
Industry;SikaForce;SikaForce Liquid Har;012104010100001000;No
Industry;SikaForce;SikaForce Non-foamin;012104577100001030;No
Industry;SikaForce;SikaForce Non-foamin;012104577100001020;No
Industry;SikaForce;SikaForce Tool.,Cas.;012104533110001010;No
Industry;Sikagard;Sikagard I;013913020060001000;No
Industry;SikaLastomer;Bulk;013812107110001000;No
Industry;SikaLastomer;Parts;013812110950001000;No
Industry;SikaLastomer;SikaLastomer;013812010550001000;SI
Industry;SikaMelt;Cleaners and Process;019409010020001010;No
Industry;SikaMelt;Cleaners SM (001-099;019409010090001000;No
Industry;SikaMelt;HM PUR Lamination &;013409636770001000;No
Industry;SikaMelt;Non-Reactive Polyole;013309101720001000;0
Industry;SikaPower;Soft Putties (SikaPo;014906020013001500;0
Industry;Sikasil;General;012603000090001000;?
Industry;Sikasil;General;012603000020001000;?
Industry;Sikasil;General;012603000220001000;?
Industry;Sikasil;GP;012603180010001010;?
Industry;Sikasil;IG;012703120259001000;0
Industry;Sikasil;IG;012703120259001200;?
Industry;Sikasil;SG;012603130189001000;0
Industry;Sikasil;SG;012603130209001000;0
Industry;Sikasil;SG;012603130209001200;?
Industry;Sikasil;SG;012703130009001100;0
Industry;Sikasil;SG;012703130009001200;?
Industry;Sikasil;WS;012603203009001030;?
Industry;Sikasil;WS;012603203059001030;?
Industry;Sikasil;WS;012603206059001000;?
Industry;SikaTack;Adhesive;012002210033001300;No
Industry;SikaTack Panel;SikaTack Panel;019436010019001000;No
Industry;SikaTitan;Adhesive;012033210043001000;0
Industry;Solventbased Aktivator;SikaAktivator;024560012050001000;No
Industry;Waterbased SikaPrime;Sikafloor Marine Pri;014861020014001000;No
N/A;N/A;N/A;N/A;No
Roofing;Additional roofing p;Crossfunctional roof;020945051350001012;No
Roofing;Additional roofing p;Crossfunctional roof;020945051100001018;0
Roofing;Additional roofing p;Crossfunctional roof;020945051100001010;No
Roofing;Additional roofing p;Crossfunctional roof;020945051100002010;0
Roofing;Additional roofing p;Crossfunctional roof;020945051100000055;0
Roofing;Additional roofing p;Crossfunctional roof;020945051350001016;Si
Roofing;Additional roofing p;Crossfunctional roof;020945051990999999;Si
Roofing;Additional roofing p;Crossfunctional roof;020945051350000033;Si
Roofing;Additional roofing p;CT-Products;020945072000000002;SI
Roofing;Additional roofing p;CT-Products;020945072000000038;SI
Roofing;Additional roofing p;CT-Products;020945072000000039;SI
Roofing;Additional roofing p;CT-Products;020945072000000047;SI
Roofing;Additional roofing p;CT-Products;020945072000000037;SI
Roofing;Additional roofing p;FPO based;020945032000000001;SI
Roofing;Additional roofing p;FPO based;020945032150002000;0
Roofing;Additional roofing p;Liquid applied;020945118000000018;0
Roofing;Additional roofing p;PVC based;020945012150002000;0
Roofing;Additional roofing p;PVC based;020945012000000001;SI
Roofing;Bituminous membranes;General Bituminous M;020920011990000015;0
Roofing;Bituminous membranes;General Bituminous M;020920011990000048;Si
Roofing;Bituminous membranes;General Bituminous M;020920011990000162;SI
Roofing;Bituminous membranes;General Bituminous M;020920011990000014;0
Roofing;Bituminous membranes;General Bituminous M;020920011990000013;0
Roofing;Bituminous membranes;General Bituminous M;020920011990000012;0
Roofing;Bituminous membranes;General Bituminous M;020920011990000123;Si
Roofing;Bituminous membranes;General Bituminous M;020920011990001991;SI
Roofing;FPO based Membranes;Ballasted FPO;020910032000121001;SI
Roofing;FPO based Membranes;Ballasted FPO;020910032000151001;SI
Roofing;FPO based Membranes;Mechanically Fastene;020910012000151001;SI
Roofing;FPO based Membranes;Mechanically Fastene;020910012000181001;0
Roofing;FPO based Membranes;Mechanically Fastene;020910011000121001;Si
Roofing;FPO based Membranes;Various FPO membrane;020910112000151001;SI
Roofing;Liquid applied Membr;1C-Acrylic;020915101000000067;0
Roofing;Liquid applied Membr;1C-Acrylic;020915102000000010;SI
Roofing;Liquid applied Membr;1C-Acrylic;020915102000000011;Si
Roofing;Liquid applied Membr;1C-Acrylic;020915101000000078;Si
Roofing;Liquid applied Membr;1C-Acrylic;020915101000000082;Si
Roofing;Liquid applied Membr;1C-Acrylic;020915101000000069;0
Roofing;Liquid applied Membr;1C-Acrylic;020915101000000038;Si
Roofing;Liquid applied Membr;1C-Acrylic;020915101000000068;Si
Roofing;Liquid applied Membr;1C-Acrylic;020915101000000058;Si
Roofing;Liquid applied Membr;1C-Acrylic;020915101000000053;Si
Roofing;Liquid applied Membr;1C-Acrylic;020915101000000096;Si
Roofing;Liquid applied Membr;1C-Acrylic;020915101000000079;Si
Roofing;Liquid applied Membr;1C-Acrylic-PUR-Hybri;020915151000000004;Si
Roofing;Liquid applied Membr;1C-Acrylic-PUR-Hybri;020915151000000040;Si
Roofing;Liquid applied Membr;1C-PUR;020915205000000039;Si
Roofing;Liquid applied Membr;1C-PUR;020915205000000038;Si
Roofing;Liquid applied Membr;1C-PUR;020915205000000101;Si
Roofing;Liquid applied Membr;1C-PUR;020915205000000007;Si
Roofing;Liquid applied Membr;1C-PUR;020915205000000057;Si
Roofing;Liquid applied Membr;1C-PUR Dispersion;020915303000000024;0
Roofing;Liquid applied Membr;2C-Polyurea;020915601000000028;Si
Roofing;Liquid applied Membr;2C-Polyurea;020915601000000036;Si
Roofing;Liquid applied Membr;2C-Polyurea;020915601000000018;Si
Roofing;Liquid applied Membr;2C-PUR;020915505000000013;Si
Roofing;Liquid applied Membr;2C-PUR;020915505000000088;Si
Roofing;Liquid applied Membr;2C-PUR;020915505000000014;Si
Roofing;Liquid applied Membr;2C-PUR;020915505000000015;SI
Roofing;Liquid applied Membr;2C-PUR;020915505000000081;Si
Roofing;Liquid applied Membr;2C-PUR;020915505000000003;Si
Roofing;Liquid applied Membr;Accessories LAM;020915955000000153;SI
Roofing;Liquid applied Membr;Accessories LAM;020915952000000018;Si
Roofing;Liquid applied Membr;Accessories LAM;020915952000000029;Si
Roofing;Liquid applied Membr;Accessories LAM;020915952000000023;SI
Roofing;Liquid applied Membr;Accessories LAM;020915952000000009;Si
Roofing;Liquid applied Membr;Bituminous Coatings;020915793000000001;Si
Roofing;Liquid applied Membr;Bituminous Coatings;020915792000000010;Si
Roofing;Liquid applied Membr;Bituminous Coatings;020915792000000007;Si
Roofing;Liquid applied Membr;Bituminous Coatings;020915792000000004;Si
Roofing;Liquid applied Membr;Bituminous Coatings;020915795000000001;Si
Roofing;PVC based Membranes;Ballasted PVC;020905032050125003;SI
Roofing;PVC based Membranes;Ballasted PVC;020905032050155003;SI
Roofing;PVC based Membranes;Ballasted PVC;020905032050153002;SI
Roofing;PVC based Membranes;Mechanically Fastene;020905012200125003;SI
Roofing;PVC based Membranes;Mechanically Fastene;020905012250125003;SI
Roofing;PVC based Membranes;Mechanically Fastene;020905012000125003;SI
Roofing;PVC based Membranes;Mechanically Fastene;020905012000155003;SI
Roofing;PVC based Membranes;Mechanically Fastene;020905012060153002;SI
Roofing;PVC based Membranes;Mechanically Fastene;020905011050113002;Si
Roofing;PVC based Membranes;Mechanically Fastene;020905011000123501;Si
Roofing;PVC based Membranes;Mechanically Fastene;020905011000153501;Si
Roofing;PVC based Membranes;Protection sheet PVC;020905072000000003;Si
Roofing;PVC based Membranes;Various PVC membrane;020905111990120002;Si
Roofing;PVC based Membranes;Various PVC membrane;020905111990000003;Si
Roofing;PVC based Membranes;Various PVC membrane;020905111990150003;Si
Roofing;Roofing;Liquid applied Membranes;010915101000000038;Si
Roofing;Thermal Insulation;PUR / PIR;020935012000000002;?
Sealing & Bonding;Bonding Solutions;Dispersions 1-part;020513030000000012;No
Sealing & Bonding;Bonding Solutions;Dispersions 1-part;020513030000000098;No
Sealing & Bonding;Bonding Solutions;PU 1-part;020513010000000078;No
Sealing & Bonding;Bonding Solutions;PU 1-part;020513010000000077;?
Sealing & Bonding;Bonding Solutions;PU 1-part;020513010000000019;0
Sealing & Bonding;Bonding Solutions;SMP 1-part;020513020000000004;0
Sealing & Bonding;Bonding Solutions;SMP 1-part;020513020000000054;?
Sealing & Bonding;Bonding Solutions;SMP 1-part;020513020000000070;?
Sealing & Bonding;Bonding Solutions;SMP 1-part;020513020000000046;?
Sealing & Bonding;Building Envelope So;PU 1-part;020511010000000070;0
Sealing & Bonding;Building Envelope So;PU 1-part;020511010000000028;Si
Sealing & Bonding;Building Envelope So;PU 1-part;020511010000000063;Si
Sealing & Bonding;Building Envelope So;PU 1-part;020511010000000008;0
Sealing & Bonding;Building Envelope So;PU 1-part;020511010000000007;Si
Sealing & Bonding;Building Envelope So;Silicones 1-part;020511030000000045;No
Sealing & Bonding;Building Envelope So;Silicones 1-part;020511030000000042;No
Sealing & Bonding;Building Envelope So;SMP 1-part;020511020000000003;Si
Sealing & Bonding;Civil Engineering an;Accessories, backing;020515100000000017;0
Sealing & Bonding;Civil Engineering an;N/A (civil engineeri;020515000000002003;0
Sealing & Bonding;Civil Engineering an;Other sealant techno;020515070000000032;No
Sealing & Bonding;Civil Engineering an;Other sealant techno;020515070000000034;0
Sealing & Bonding;Civil Engineering an;PU 1-part;020515010000000011;0
Sealing & Bonding;Civil Engineering an;PU 1-part;020515010000000028;?
Sealing & Bonding;Civil Engineering an;PU 1-part;020515010000000023;?
Sealing & Bonding;Civil Engineering an;Silicones 1-part;020515030000000002;?
Sealing & Bonding;Fire Stopping;Sealants fire stoppi;020517010030000004;?
Sealing & Bonding;Floor Covering Solut;Pretreatments, tools;020512081000000001;No
Sealing & Bonding;Floor Covering Solut;PU 1-part;020512010000000003;No
Sealing & Bonding;General purpose seal;Dispersions 1-part;020514040000000072;No
Sealing & Bonding;General purpose seal;Dispersions 1-part;020514040000000073;No
Sealing & Bonding;General purpose seal;Dispersions 1-part;020514040000000074;No
Sealing & Bonding;General purpose seal;Dispersions 1-part;020514040000000071;No
Sealing & Bonding;General purpose seal;Dispersions 1-part;020514040000000087;Si
Sealing & Bonding;General purpose seal;Foams 1-part;020514060000000031;No
Sealing & Bonding;General purpose seal;Silicones 1-part;020514030000000011;No
Sealing & Bonding;General purpose seal;Silicones 1-part;020514030000000147;0
Sealing & Bonding;General purpose seal;Silicones 1-part;020514030000000020;?
Sealing & Bonding;General purpose seal;Silicones 1-part;020514030000000009;Si
Sealing & Bonding;General purpose seal;Silicones 1-part;020514030000000085;Si
Sealing & Bonding;General purpose seal;Tapes, foils and mat;020514080000000004;Si
Sealing & Bonding;General purpose seal;Tapes, foils and mat;020514080000000009;Si
Sealing & Bonding;General purpose seal;Tapes, foils and mat;020514080000000093;0
Sealing & Bonding;General purpose seal;Tapes, foils and mat;020514080000000094;Si
Sealing & Bonding;Pretreatments,Access;Backing solutions;020516030000000015;No
Sealing & Bonding;Pretreatments,Access;Cleaning, tooling so;020516020000000001;0
Sealing & Bonding;Pretreatments,Access;N/A (pretreatments,a;020516000060002015;0
Sealing & Bonding;Pretreatments,Access;Raw material and int;020516070000000001;0
Sealing & Bonding;Pretreatments,Access;Raw material and int;020516070000000005;0
Sealing & Bonding;Pretreatments,Access;Raw material and int;020516070000000006;0
Sealing & Bonding;Pretreatments,Access;Tapes, foils and mat;020516050000000098;0
Waterproofing;Bituminous sheet mem;Bituminous WP membra;020725201000000010;Si
Waterproofing;Bituminous sheet mem;Bituminous WP membra;020725201000000007;Si
Waterproofing;Bituminous sheet mem;Primers for bitumen;020725601100000010;Si
Waterproofing;Injections (Waterpro;Accessories for inje;020707300020000004;0
Waterproofing;Injections (Waterpro;Accessories for inje;020707300010000001;No
Waterproofing;Injections (Waterpro;Acrylate injections;020707020030000001;No
Waterproofing;Injections (Waterpro;Equipment;020707200010000007;0
Waterproofing;Injections (Waterpro;Equipment for inject;020707200020000001;0
Waterproofing;Injections (Waterpro;Injection hoses;020707100010000001;No
Waterproofing;Injections (Waterpro;Polyurethane injecti;020707010010000059;No
Waterproofing;Injections (Waterpro;Polyurethane injecti;020707010010000001;No
Waterproofing;Injections (Waterpro;Polyurethane injecti;020707010020000054;0
Waterproofing;Injections (Waterpro;Polyurethane injecti;020707010020000060;0
Waterproofing;Injections (Waterpro;Polyurethane injecti;020707010010000067;0
Waterproofing;Injections (Waterpro;PU based;020707010010000001;No
Waterproofing;Injections (Waterpro;Silicate injections;020707070010000006;No
Waterproofing;Joint waterproofing;Adhered Tapes;020703157000000001;Si
Waterproofing;Joint waterproofing;Adhered Tapes;020703150200000007;0
Waterproofing;Joint waterproofing;Adhered Tapes;020703151000000001;0
Waterproofing;Joint waterproofing;N/A (joint waterproo;020703000000002015;Si
Waterproofing;Joint waterproofing;N/A (joint waterproo;020703000060002003;0
Waterproofing;Joint waterproofing;Swellable Joint Seal;020703300110000001;?
Waterproofing;Joint waterproofing;Waterbars/Waterstops;020703100100000312;0
Waterproofing;Joint waterproofing;Waterbars/Waterstops;020703100100000107;0
Waterproofing;Joint waterproofing;Waterbars/Waterstops;020703100100000113;0
Waterproofing;Joint waterproofing;Waterbars/Waterstops;020703106000000119;0
Waterproofing;Joint waterproofing;Waterbars/Waterstops;020703100100000330;0
Waterproofing;Joint waterproofing;Waterbars/Waterstops;020703100100000231;0
Waterproofing;Joint waterproofing;Waterbars/Waterstops;020703100100000264;No
Waterproofing;Joint waterproofing;Waterbars/Waterstops;020703100100000003;No
Waterproofing;Joint waterproofing;Waterbars/Waterstops;020703100100000004;No
Waterproofing;Joint waterproofing;Waterstops;020703109000000107;0
Waterproofing;Joint waterproofing;Waterstops;020703100100000348;No
Waterproofing;Joint waterproofing;Waterstops;020703100100000349;No
Waterproofing;Joint waterproofing;Waterstops;020703100100000350;No
Waterproofing;Joint waterproofing;Waterstops;020703100100000002;No
Waterproofing;Joint waterproofing;Waterstops;020703100100000003;No
Waterproofing;Joint waterproofing;Waterstops;020703100100000004;No
Waterproofing;Liquid applied water;Acrylic LAM waterpro;020706010010000037;No
Waterproofing;Liquid applied water;Acrylic LAM waterpro;020706010010000036;No
Waterproofing;Liquid applied water;Bitumen LAM waterpro;020706301000000016;No
Waterproofing;Liquid applied water;Bitumen LAM waterpro;020706301000000011;0
Waterproofing;Liquid applied water;Bitumen LAM waterpro;020706301000000071;No
Waterproofing;Liquid applied water;Bitumen LAM waterpro;020706301000000010;No
Waterproofing;Liquid applied water;Bitumen LAM waterpro;020706301000000153;No
Waterproofing;Liquid applied water;N/A (liquid applied;020706000000002002;0
Waterproofing;Liquid applied water;Polyurethane 2-part;020706201000000021;Si
Waterproofing;Liquid applied water;Polyurethane 2-part;020706201000000093;Si
Waterproofing;Liquid applied water;Polyurethane 2-part;020706201000000043;Si
Waterproofing;Liquid applied water;Polyurethane 2-part;020706201000000082;Si
Waterproofing;Polymeric sheet memb;Bonded waterproofing;020720301100000002;Si
Waterproofing;Polymeric sheet memb;Bonded waterproofing;020720301100000007;Si
Waterproofing;Polymeric sheet memb;Bonded waterproofing;020720301000000003;Si
Waterproofing;Polymeric sheet memb;Bonded waterproofing;020720301000000008;Si
Waterproofing;Polymeric sheet memb;Bonded waterproofing;020720308000000002;Si
Waterproofing;Polymeric sheet memb;Bonded waterproofing;020720308000000004;Si
Waterproofing;Polymeric sheet memb;Bonded waterproofing;020720308000000006;Si
Waterproofing;Polymeric sheet memb;Drainage and protect;020720701000000049;0
Waterproofing;Polymeric sheet memb;Drainage and protect;020720702000000003;No
Waterproofing;Polymeric sheet memb;PVC waterproofing me;020720101000000097;Si
Waterproofing;Polymeric sheet memb;PVC waterproofing me;020720101000000020;Si
Waterproofing;Polymeric sheet memb;PVC waterproofing me;020720101000000095;Si
Waterproofing;Polymeric sheet memb;PVC waterproofing me;020720103000000005;Si
Waterproofing;Polymeric sheet memb;PVC waterproofing me;020720101000000094;Si
Waterproofing;Polymeric sheet memb;PVC waterproofing me;020720101000000129;Si
Waterproofing;Polymeric sheet memb;Waterprofing membran;020720801000000081;Si
Waterproofing;Polymeric sheet memb;Waterprofing membran;020720802000000021;0
Waterproofing;Waterproofing admixt;Waterproofing admixt;020705040010000001;Si
Waterproofing;Waterproofing admixt;Waterproofing admixt;020705040010000034;Si
Waterproofing;Waterproofing admixt;Waterproofing admixt;020705040010000075;Si
Waterproofing;Waterproofing admixt;Waterproofing admixt;020705040020000001;No
Waterproofing;Waterproofing mortar;N/A (waterproofing m;020701000000002007;No
Waterproofing;Waterproofing mortar;N/A (waterproofing m;020701000000002028;No
Waterproofing;Waterproofing mortar;Ready to use waterpr;020701010030000099;No
Waterproofing;Waterproofing mortar;Ready to use waterpr;020701010050000011;No
Waterproofing;Waterproofing mortar;Ready to use waterpr;020701010010000362;No
Waterproofing;Waterproofing mortar;Ready to use waterpr;020701010010000287;No
Waterproofing;Waterproofing mortar;Ready to use waterpr;020701010010000331;No
Waterproofing;Waterproofing mortar;Ready to use waterpr;020701010010000247;No
Waterproofing;Waterproofing mortar;Ready to use waterpr;020701010010000399;No
Waterproofing;Waterproofing mortar;Ready to use waterpr;020701010010000277;No
Waterproofing;Waterproofing mortar;Ready to use waterpr;020701010010000278;No
Waterproofing;Waterproofing mortar;Ready to use waterpr;020701010010000332;Si
Waterproofing;Waterproofing mortar;Ready to use waterpr;020701010010000180;Si
Waterproofing;Waterproofing mortar;Ready to use waterpr;020701010010000387;Si
Waterproofing;Waterproofing mortar;Ready to use waterpr;020701010020000001;No
Waterproofing;Waterproofing mortar;Ready to use waterpr;020701010020000215;No
Waterproofing;Waterproofing mortar;Ready to use waterpr;020701010020000163;No
Waterproofing;Waterproofing mortar;Ready to use waterpr;020701010010000256;No
